{
  "prefill": {
    "clk_mhz": [
      600,
      2687
    ],
    "T_vs_f_exponent": 0.9116284813363132,
    "T_vs_f_r2": 0.9982050138925191,
    "P0_w": 30.748854271356784,
    "gamma_P_vs_T": 2.936289724357749,
    "P_vs_T_r2": 0.9893069187698729,
    "T_range_tok_s": [
      2197.9,
      8649.9
    ],
    "P_range_w": [
      32.02,
      125.2
    ]
  },
  "decode": {
    "clk_mhz": [
      599,
      2686
    ],
    "T_vs_f_exponent": 0.49663089706254576,
    "T_vs_f_r2": 0.9905402793840671,
    "P0_w": 34.64767839195979,
    "gamma_P_vs_T": 4.523165667634749,
    "P_vs_T_r2": 0.975495606819897,
    "T_range_tok_s": [
      236.7,
      484.4
    ],
    "P_range_w": [
      36.08,
      88.07
    ]
  }
}