{
  "name": "NVIDIA GeForce RTX 5060",
  "power_cap_w": 149.35,
  "peak_matmul_tflops": 38.07301508806764,
  "peak_matmul_flops": 38073015088067.64,
  "peak_bw_gbs": 372.19457271231505,
  "peak_bw_bytes_s": 372194572712.31506,
  "model_id": "Qwen/Qwen2.5-1.5B-Instruct",
  "dtype": "float16",
  "bytes_per_param": 2,
  "hidden_size": 1536,
  "num_layers": 28,
  "num_attention_heads": 12,
  "num_kv_heads": 2,
  "head_dim": 128,
  "intermediate_size": 8960,
  "vocab_size": 151936,
  "tie_word_embeddings": true,
  "total_params": 1543714304,
  "embedding_params": 233373696,
  "non_embedding_params": 1310340608,
  "dense_flops_per_token": 2620681216.0,
  "weight_bytes": 3087428608,
  "kv_bytes_per_token": 28672,
  "attn_flops_per_token_per_S": 86016.0
}