{
  "prefill": {
    "experiment": "fixed S=128, sweep batch -> single-valued P(T)",
    "throughput_ceiling_tok_s": 5030.746223296954,
    "compute_roof_ideal_tok_s": 11963.020366253113,
    "achieved_mfu": 0.5341232210298331,
    "P_measured_w": [
      142.61732432432444,
      239.48975735294127
    ],
    "P_idle_w_EXTRAPOLATED": 252.1567316178704,
    "P_asymptote_w": 147.81915814789153,
    "B0": 5.408721804511279,
    "t_fixed_ms": -24.417389038600394,
    "beta_ms_per_batch": 25.443541438692133,
    "P_vs_T_mape_pct": 3.508281352414281,
    "P_vs_T_r2": 0.9299662947169224,
    "T_vs_B_r2": -1534.1951497212588
  },
  "decode": {
    "experiment": "fixed ctx=256, sweep batch -> single-valued P(T)",
    "throughput_ceiling_tok_s": 938.0020642253636,
    "P_measured_w": [
      128.36568627450987,
      142.78455621301782
    ],
    "P_idle_w": 139.6452202744292,
    "P_asymptote_w": 111.52382732488964,
    "B0": 112.0,
    "t_fixed_ms": 40.8252984539857,
    "beta_ms_per_seq": 1.0660957349020725,
    "P_vs_T_mape_pct": 1.7792373064954503,
    "P_vs_T_r2": 0.5330961046972701,
    "T_vs_B_r2": 0.976737359750972
  }
}