{
  "decode": {
    "principle": "memory-bound: raising batch raises bandwidth use -> raises BOTH T and P",
    "t_fixed_ms": 28.327686021054426,
    "beta_ms_per_seq": 0.6524462784282007,
    "tput_asymptote_tok_s": 1532.6932393715022,
    "P_idle_w": 53.89175842704518,
    "P_asymptote_w": 138.65021515235617,
    "B0": 12.939418875966657,
    "weight_stream_ideal_ms": 8.295200506285738,
    "P_vs_T_mape_pct": 3.4856922518527282,
    "P_vs_T_r2": 0.9817343073551198
  },
  "prefill": {
    "principle": "compute-bound: R pinned at the matmul roof -> P fixed; T varies via per-token cost",
    "implied_mfu": 0.7800216403389145,
    "compute_bound_power_w": 141.50658715596342,
    "power_cv_pct_S>=256": 1.5332727570108973,
    "throughput_span_kTps": [
      3.664806359890891,
      8.721861424204329
    ],
    "attn_doubles_at_S": 1948.1799813731204,
    "cost_model": "1/T = (C + k_attn*S)/(peak*mfu)"
  }
}