{
  "name": "Tesla V100-DGXS-32GB",
  "power_cap_w": 250.0,
  "peak_matmul_tflops": 69.36163066338558,
  "peak_matmul_flops": 69361630663385.586,
  "peak_bw_gbs": 464.9902874749567,
  "peak_bw_bytes_s": 464990287474.95667,
  "model_id": "facebook/opt-1.3b",
  "dtype": "float16",
  "bytes_per_param": 2,
  "hidden_size": 2048,
  "num_layers": 24,
  "num_attention_heads": 32,
  "num_kv_heads": 32,
  "head_dim": 64,
  "intermediate_size": 8192,
  "vocab_size": 50272,
  "tie_word_embeddings": true,
  "total_params": 1315758080,
  "embedding_params": 102957056,
  "non_embedding_params": 1212801024,
  "dense_flops_per_token": 2425602048.0,
  "weight_bytes": 2631516160,
  "kv_bytes_per_token": 196608,
  "attn_flops_per_token_per_S": 98304.0
}