{
  "name": "Tesla V100-DGXS-32GB",
  "power_cap_w": 250.0,
  "peak_matmul_tflops": 85.09476962522515,
  "peak_matmul_flops": 85094769625225.16,
  "peak_bw_gbs": 722.7050738150717,
  "peak_bw_bytes_s": 722705073815.0718,
  "model_id": "Qwen/Qwen2.5-7B-Instruct",
  "dtype": "float16",
  "bytes_per_param": 2,
  "hidden_size": 3584,
  "num_layers": 28,
  "num_attention_heads": 28,
  "num_kv_heads": 4,
  "head_dim": 128,
  "intermediate_size": 18944,
  "vocab_size": 152064,
  "tie_word_embeddings": false,
  "total_params": 7615616512,
  "embedding_params": 544997376,
  "non_embedding_params": 6525621760,
  "dense_flops_per_token": 13051243520.0,
  "weight_bytes": 15231233024,
  "kv_bytes_per_token": 57344,
  "attn_flops_per_token_per_S": 200704.0
}