{
  "name": "Tesla V100-DGXS-32GB",
  "power_cap_w": 250.0,
  "peak_matmul_tflops": 72.38076513132992,
  "peak_matmul_flops": 72380765131329.92,
  "peak_bw_gbs": 517.0332956688151,
  "peak_bw_bytes_s": 517033295668.81506,
  "model_id": "Qwen/Qwen2.5-3B-Instruct",
  "dtype": "float16",
  "bytes_per_param": 2,
  "hidden_size": 2048,
  "num_layers": 36,
  "num_attention_heads": 16,
  "num_kv_heads": 2,
  "head_dim": 128,
  "intermediate_size": 11008,
  "vocab_size": 151936,
  "tie_word_embeddings": true,
  "total_params": 3085938688,
  "embedding_params": 311164928,
  "non_embedding_params": 2774773760,
  "dense_flops_per_token": 5549547520.0,
  "weight_bytes": 6171877376,
  "kv_bytes_per_token": 36864,
  "attn_flops_per_token_per_S": 147456.0
}