phase,batch,seq_len,load_tokens,throughput_tok_s,power_avg_w,util_gpu_avg,sm_clk_avg,tok_per_joule,iters,mem_clk_avg,n_samples,power_max_w,power_p50_w,power_std_w,sm_clk_max,sm_clk_min,temp_avg,temp_end,temp_start,util_mem_avg,wall_s,window_s
prefill,1,128,128,2706.9336234035054,215.82304918032787,73.97540983606558,1530.0,12.542375032157782,64,877.0,122,228.663,216.8755,9.4221302643772,1530,1530,70.57377049180327,74,65,29.40983606557377,3.026302503014449,3.026302503014449
prefill,2,128,256,5530.877512096884,242.68569026548664,91.08849557522124,1474.8230088495575,22.790291038776807,65,877.0,113,259.54,243.582,7.0552258320505,1530,1455,71.47787610619469,75,66,37.65486725663717,3.0085641859914176,3.0085641859914176
prefill,4,128,512,6982.466419518735,239.91450450450452,98.66666666666667,1390.8198198198197,29.103977827183165,41,877.0,111,248.358,241.339,5.430977366080677,1410,1380,70.05405405405405,73,66,38.24324324324324,3.006387533969246,3.006387533969246
prefill,8,128,1024,7475.678104529866,241.12877142857147,99.0,1326.8190476190475,31.002845741883412,22,877.0,105,248.611,242.487,4.8909473680749125,1365,1312,73.67619047619047,77,68,38.0,3.013505890034139,3.013505890034139
prefill,16,128,2048,8023.595595190144,242.21826213592232,99.2621359223301,1309.8640776699028,33.125477511219415,12,877.0,103,249.517,242.777,4.813352356919996,1335,1290,62.89320388349515,68,55,38.66019417475728,3.06296593695879,3.06296593695879
prefill,32,128,4096,8163.688228639833,243.20576288659785,99.77319587628865,1249.8865979381444,33.56700158641554,6,877.0,97,250.633,243.351,3.7493191898098246,1290,1222,74.41237113402062,78,70,38.2680412371134,3.010404036962427,3.010404036962427
prefill,64,128,8192,8265.442923677954,246.1575901639345,99.90163934426229,1263.3524590163934,33.57785115694944,4,877.0,122,254.509,247.07150000000001,4.986782286178063,1297,1237,76.59016393442623,81,71,37.704918032786885,3.96445784001844,3.96445784001844
